member_id,name,first_name,last_name,above_18,age,dob,mobile,email
p_nilanga_bc6f7,Aaryan Sathasivam s/o P. Nilanga,aaryan_sathasivam,p_nilanga,True,35.583561643835615,19860611,68224145,kgrogonoi@mac.com
n_thevar_7e932,Anjali Kalai d/o N. Thevar,anjali_kalai,n_thevar,True,40.57260273972603,19810616,95036865,kcravene@ycombinator.com
baey_b1db8,Baey Jun Rui,jun rui,baey,True,22.265753424657536,19991002,66759858,hhavick2k@goo.ne.jp
j_navin_25e89,Baruni Sathasivam d/o J. Navin,baruni_sathasivam,j_navin,True,40.87123287671233,19810227,90942411,uhuncoteg@ezinearticles.com
m_kumaran_49f5b,Baruni Sathasivam d/o M. Kumaran,baruni_sathasivam,m_kumaran,True,36.64931506849315,19850518,81030167,ahazeldene23@examiner.com
binte_mohamad_anuar_a662e,Dina Mastura Binte Mohamad Anuar,dina_mastura,binte_mohamad_anuar,True,32.9013698630137,19890214,69139769,hdemattia2b@si.edu
ding_caa1d,Ding Yi Hao,yi hao,ding,True,37.11780821917808,19841128,60221005,aollerhadu@deliciousdays.com
n_prakash_71a51,Don Thevar s/o N. Prakash,don_thevar,n_prakash,True,22.40821917808219,19990811,62164198,pfergyson1x@wordpress.com
binte_mohammad_irfan_da296,Eliza Sobia Binte Mohammad Irfan,eliza_sobia,binte_mohammad_irfan,True,39.52328767123288,19820704,64898551,hpesseltr@printfriendly.com
fan_3ab9c,Fan Kai Feng,kai feng,fan,True,24.682191780821917,19970503,66426863,mwhichelowc@nydailynews.com
bin_johan_abdullah_dedf6,Hairul Azmi Bin Johan Abdullah,hairul_azmi,bin_johan_abdullah,True,28.123287671232877,19931124,61011813,klambal1c@japanpost.jp
binte_abdullah_bc9d6,Hakimah Adha Binte Abdullah,hakimah_adha,binte_abdullah,True,36.320547945205476,19850915,63830435,kfetherstone2e@ihg.com
binte_izhar_izuddin_39f37,Hannah Putri Binte Izhar Izuddin,hannah_putri,binte_izhar_izuddin,True,40.88219178082192,19810223,61808092,apetrescu27@1und1.de
p_nair_12300,Hema Kumari d/o P. Nair,hema_kumari,p_nair,True,31.326027397260273,19900912,91806684,astoadel@ow.ly
hong_d5514,Hong Cheng Boon,cheng boon,hong,True,21.684931506849313,20000501,69237067,dbaser1i@va.gov
hong_1267e,Hong De Kang,de kang,hong,True,33.61917808219178,19880528,95939300,cbellinib@ed.gov
hu_5667b,Hu Ying Hui,ying hui,hu,True,22.26027397260274,19991004,67802327,wmurtagh0@free.fr
p_anand_a1a6c,Indra Venkiteswaran d/o P. Anand,indra_venkiteswaran,p_anand,True,33.18356164383562,19881103,63701209,mbrooker1k@about.me
bin_muhamad_mubin_b7b6e,Irfan Syahid Bin Muhamad Mubin,irfan_syahid,bin_muhamad_mubin,True,22.698630136986303,19990427,62292872,ftudgeo@elegantthemes.com
p_krishnan_450a2,Latha Tharumalingam d/o P. Krishnan,latha_tharumalingam,p_krishnan,True,26.35890410958904,19950830,66737064,mvuitton1o@delicious.com
lau_4a2dd,Lau Yong Zu,yong zu,lau,True,22.279452054794522,19990927,90929380,rnajerad@fastcompany.com
liu_d6a71,Liu Xin Yi,xin yi,liu,True,34.00821917808219,19880107,90578034,fcopsw@cornell.edu
liu_56576,Liu Yi Xin,yi xin,liu,True,25.945205479452056,19960128,67083779,jkenchingtonv@hubpages.com
lu_c3fb8,Lu Rui Lin,rui lin,lu,True,24.586301369863012,19970607,84031637,elathwood2i@ucoz.com
binte_noh_adha_ffcab,Mirah Fadzal Binte Noh Adha,mirah_fadzal,binte_noh_adha,True,27.55890410958904,19940618,62275702,mgiannassiq@techcrunch.com
bin_muhamad_ali_4b9af,Mohammad Rizal Bin Muhamad Ali,mohammad_rizal,bin_muhamad_ali,True,24.504109589041096,19970707,90953946,jekells@salon.com
bin_abdul_khalim_b8736,Muhamad Ali Bin Abdul Khalim,muhamad_ali,bin_abdul_khalim,True,31.616438356164384,19900529,69193148,nwaisa@trellian.com
a_nair_aff02,Nandhini Sathasivam d/o A. Nair,nandhini_sathasivam,a_nair,True,35.04109589041096,19861226,66480597,frameauxn@china.com.cn
binte_raihan_nazir_640ef,Nur Qaseh  Binte Raihan Nazir,nur_qaseh,binte_raihan_nazir,True,27.471232876712328,19940720,62696084,vkornp@booking.com
binte_yusoff_radin_f4037,Nurul Aisha Binte Yusoff Radin,nurul_aisha,binte_yusoff_radin,True,39.1945205479452,19821101,63470595,darmour25@deliciousdays.com
oon_0342c,Oon Yi Xin,yi xin,oon,True,30.328767123287673,19910911,91116303,hgloyens2n@soundcloud.com
pan_a8403,Pan Kai Hui,kai hui,pan,True,24.813698630136987,19970316,88416628,wslewcock3@istockphoto.com
poon_eab49,Poon Jia Jian,jia jian,poon,True,25.843835616438355,19960305,66468248,mimmins7@sogou.com
a_sathasivam_f9b6f,Saanvi Thamilaraser d/o A. Sathasivam,saanvi_thamilaraser,a_sathasivam,True,40.104109589041094,19811204,67353105,aren1r@hexun.com
p_chandrasekaran_e09c5,Sebastian Raj s/o P. Chandrasekaran,sebastian_raj,p_chandrasekaran,True,28.043835616438358,19931223,66238577,adionisoj@yellowpages.com
sim_68418,Sim Si Ying,si ying,sim,True,27.70958904109589,19940424,69219262,klowther14@dell.com
binte_abdul_hazim_deda6,Siti Nurbaya Binte Abdul Hazim,siti_nurbaya,binte_abdul_hazim,True,37.16164383561644,19841112,65227311,bbrea29@accuweather.com
tee_1e20f,Tee Si Hui,si hui,tee,True,26.53150684931507,19950628,93278366,mmounch2@domainmarket.com
tee_64ef8,Tee Xuan Ying,xuan ying,tee,True,32.4027397260274,19890815,84965287,tczyz1@hc360.com
n_kumar_8c59f,Trisha Krishnan d/o N. Kumar,trisha_krishnan,n_kumar,True,38.3013698630137,19830923,98548174,sbogaertf@github.io
tung_f297a,Tung Guo Ming,guo ming,tung,True,30.734246575342464,19910416,87851847,wgahagan12@bing.com
woo_8b62d,Woo Hao Rui,hao rui,woo,True,29.567123287671233,19920615,64936601,edhooghe2o@comsenz.com
xu_cdccc,Xu En Hui,en hui,xu,True,26.03287671232877,19951227,87806704,abompas1e@dyndns.org
ye_44342,Ye Xin En,xin en,ye,True,36.273972602739725,19851002,60790589,frobic2q@jalbum.net
yung_4acf8,Yung Yong Hui,yong hui,yung,True,40.178082191780824,19811107,98988651,hbroggini4@prnewswire.com
zeng_fe095,Zeng Jia Yi,jia yi,zeng,True,22.89041095890411,19990216,96276106,hpottie1m@goo.gl
zhu_0c26d,Zhu Si Wen,si wen,zhu,True,35.73424657534247,19860417,96149559,hdalgleish1b@icq.com
lai_9d85a,Lai Xuan Ming,xuan ming,lai,True,37.35068493150685,19840904,67477477,dbrookesx@webeden.co.uk
choo_edd91,Choo Si Hui,si hui,choo,True,32.76712328767123,19890404,67338095,mabramovitzz@nhs.uk
say_fac5d,Say Kok Soon,kok soon,say,True,24.487671232876714,19970713,92318885,bsnoxell11@issuu.com
lin_148cd,Lin Kai Feng,kai feng,lin,True,38.52328767123288,19830704,86129219,hwooff13@elpais.com
koh_4be14,Koh Hui Wen,hui wen,koh,True,41.88493150684931,19800223,64981063,cbozier15@wp.com
teong_93a63,Teong En Hui,en hui,teong,True,36.106849315068494,19851202,60830020,jbourke18@google.com
huang_f2629,Huang Cheng Hao,cheng hao,huang,True,32.16712328767123,19891109,90207877,clearie1a@angelfire.com
low_13f87,Low Shu Qi,shu qi,low,True,21.44931506849315,20000726,92192486,mcollopy1d@e-recht24.de
tin_01166,Tin Ming Hui,ming hui,tin,True,21.934246575342467,20000131,84812792,rtrobey1f@pen.io
teo_54491,Teo Rui En,rui en,teo,True,36.865753424657534,19850228,81633406,lstuddeard1h@nba.com
bin__3c3d8,Lin Yong Bin,lin_yong,bin_,True,21.852054794520548,20000301,83117518,acosti1j@senate.gov
toh_4ba68,Toh Yi Min,yi min,toh,True,26.06027397260274,19951217,91057486,tglastonbury1l@spiegel.de
bin_raihan_nazir_888bb,Noh Rifqi Bin Raihan Nazir,noh_rifqi,bin_raihan_nazir,True,30.884931506849316,19910220,66285569,wfranciottoi1n@imdb.com
binte_yusoff_radin_582f0,Nadia Mano Binte Yusoff Radin,nadia_mano,binte_yusoff_radin,True,23.21917808219178,19981019,66097343,cwreiford1p@hostgator.com
bin_muhamad_mubin_d3515,Izhar Izuddin Bin Muhamad Mubin,izhar_izuddin,bin_muhamad_mubin,True,27.164383561643834,19941109,67134452,lfinnick1q@istockphoto.com
binte_ridwan_zaidi_42151,Amirah Aqsa Binte Ridwan Zaidi,amirah_aqsa,binte_ridwan_zaidi,True,28.24931506849315,19931009,68880264,grimington1v@symantec.com
bin_hairul_anuar_e7e43,Abdul Khalim Bin Hairul Anuar,abdul_khalim,bin_hairul_anuar,True,33.11232876712329,19881129,93172253,bmabon1w@springer.com
bin_mohammad_aniq_b57fc,Mohammad Rohan Bin Mohammad Aniq,mohammad_rohan,bin_mohammad_aniq,True,27.832876712328765,19940310,86570088,akarolczyk1y@diigo.com
binte_muhamad_noor_d027a,Nurul Aisha Binte Muhamad Noor,nurul_aisha,binte_muhamad_noor,True,36.81369863013698,19850319,82344240,smanoelli20@walmart.com
bin_mohammad_syaril_cc7c8,Farhan Islan Bin Mohammad Syaril,farhan_islan,bin_mohammad_syaril,True,34.136986301369866,19871121,91718424,aphilipet22@t-online.de
