name,mobile,email,dob
Aaryan Sathasivam s/o P. Nilanga,656822 4145,kgrogonoi@mac.com,11/Jun/1986
Anjali Kalai d/o N. Thevar,+65 9503 6865,kcravene@ycombinator.com,16/Jun/1981
Ashvin Khera d/o S. Raj,+65 6723 0247,,17/Feb/1984
Baey Jun Rui,6675 9858,hhavick2k@goo.ne.jp,2/Oct/1999
Baruni Sathasivam d/o J. Navin,9094 2411,uhuncoteg@ezinearticles.com,27/Feb/1981
Baruni Sathasivam d/o M. Kumaran,8103 0167,ahazeldene23@examiner.com,18/May/1985
Dina Mastura Binte Mohamad Anuar,6913 9769,hdemattia2b@si.edu,14/Feb/1989
Ding Yi Hao,6022 1005,aollerhadu@deliciousdays.com,28/Nov/1984
Don Thevar s/o N. Prakash,6216 4198,pfergyson1x@wordpress.com,11/Aug/1999
Eliza Sobia Binte Mohammad Irfan,6489 8551,hpesseltr@printfriendly.com,4/Jul/1982
Fan Kai Feng,+656642 6863,mwhichelowc@nydailynews.com,3/May/1997
Fong Zheng En,+656313 1233,,26/Dec/1998
Hairul Azmi Bin Johan Abdullah,656101 1813,klambal1c@japanpost.jp,24/Nov/1993
Hakimah Adha Binte Abdullah,6383 0435,kfetherstone2e@ihg.com,15/Sep/1985
Hannah Putri Binte Izhar Izuddin,6180 8092,apetrescu27@1und1.de,23/Feb/1981
Hema Kumari d/o P. Nair,+659180 6684,astoadel@ow.ly,12/Sep/1990
Hong Cheng Boon,656923 7067,dbaser1i@va.gov,1/May/2000
Hong De Kang,+65 9593 9300,cbellinib@ed.gov,28/May/1988
Hu Ying Hui,+656780 2327,wmurtagh0@free.fr,4/Oct/1999
Huang Jun Rui,6916,lchastangy@goo.ne.jp,14/Jul/1999
Indra Venkiteswaran d/o P. Anand,6370 1209,mbrooker1k@about.me,3/Nov/1988
Irfan Syahid Bin Muhamad Mubin,65 6229 2872,ftudgeo@elegantthemes.com,27/Apr/1999
Izhar Izuddin Bin Haikel Irfan,9298 2661,plainaddress,22/Sep/1996
Izhar Izuddin Bin Hairul Azmi,65 6233 3811,#@%^%#$@#$@#.com,18/Mar/1992
Jeyaraj Indra Raj d/o K. Kumar,65 8290 4923,@example.com,14/Jul/1998
Joshua Navin s/o N. Rai,659211 4767,Joe Smith <email@example.com>,27/Feb/1989
Kavitha Raj d/o A. Raj,9551 97,email.example.com,25/Dec/1983
Kiara Prasad d/o N. Thevar,6539 9798,email@example@example.com,28/Feb/1985
Koh Kai Xin,659433 7637,.email@example.com,8/Oct/1987
Koh Shu Hui,6348 8399,email.@example.com,28/Jan/1981
Koh Sing Yu,65 6998 3876,email..email@example.com,20/Nov/1986
Kumar Thiruyanam s/o K. Kumar,+656707 0864,あいうえお@example.com,14/May/1981
Latha Tharumalingam d/o P. Krishnan,6673 7064,mvuitton1o@delicious.com,30/Aug/1995
Lau Yong Zu,9092 9380,rnajerad@fastcompany.com,27/Sep/1999
Leung Guo Ming,640655 6859,hzuann2m@webs.com,22/Aug/1996
Liu Xin Yi,+65 9057 8034,fcopsw@cornell.edu,7/Jan/1988
Liu Yi Xin,+65 6708 3779,jkenchingtonv@hubpages.com,28/Jan/1996
Lu Rui Lin,+65 8403 1637,elathwood2i@ucoz.com,7/Jun/1997
Mirah Fadzal Binte Noh Adha,65 6227 5702,mgiannassiq@techcrunch.com,18/Jun/1994
Mohammad Rizal Bin Muhamad Ali,9095 3946,jekells@salon.com,7/Jul/1997
Mohammad Rohan Bin Mohamamad Andika,6522 7953,nroobottom2c@slate.com,18/Sep/1985
Muhamad Ali Bin Abdul Khalim,+656919 3148,nwaisa@trellian.com,29/May/1990
Nandhini Sathasivam d/o A. Nair,65 6648 0597,frameauxn@china.com.cn,26/Dec/1986
Noh Hairul Bin Muhamad Mubin,+656505 6275,,30/May/1987
Nur Qaseh  Binte Khairul Azmi,9298 1678,,18/Sep/1989
Nur Qaseh  Binte Raihan Nazir,+656269 6084,vkornp@booking.com,20/Jul/1994
Nurul Aisha Binte Yusoff Radin,656347 0595,darmour25@deliciousdays.com,1/Nov/1982
Nurul Huda Binte Ridwan Zaidi,6521 2749,fgorvin8@google.pl,15/Jan/1986
Oon Yi Xin,9111 6303,hgloyens2n@soundcloud.com,11/Sep/1991
Pan Kai Hui,658841 6628,wslewcock3@istockphoto.com,16/Mar/1997
Poon Jia Jian,65 6646 8248,mimmins7@sogou.com,5/Mar/1996
Praneeta Jayaraj d/o N. Manoharan,65 9424 5809,,24/May/1988
Saanvi Thamilaraser d/o A. Sathasivam,6735 3105,aren1r@hexun.com,4/Dec/1981
Satvik Das s/o N. Gidwani,65 446022 7317,tminerdo1z@blinklist.com,20/May/1984
Sebastian Raj s/o P. Chandrasekaran,+65 6623 8577,adionisoj@yellowpages.com,23/Dec/1993
Sim Si Ying,65 6921 9262,klowther14@dell.com,24/Apr/1994
Siti Nurbaya Binte Abdul Hazim,+65 6522 7311,bbrea29@accuweather.com,12/Nov/1984
Tee Si Hui,+65 9327 8366,mmounch2@domainmarket.com,28/Jun/1995
Tee Xuan Ying,+658496 5287,tczyz1@hc360.com,15/Aug/1989
Trisha Krishnan d/o N. Kumar,9854 8174,sbogaertf@github.io,23/Sep/1983
Tung Guo Ming,8785 1847,wgahagan12@bing.com,16/Apr/1991
Woo Hao Rui,6493 6601,edhooghe2o@comsenz.com,15/Jun/1992
Xu En Hui,65 8780 6704,abompas1e@dyndns.org,27/Dec/1995
Ye Xin En,65 6079 0589,frobic2q@jalbum.net,2/Oct/1985
Yeo De Ming,6006 9203,,25/Apr/1981
Yung Yong Hui,+65 9898 8651,hbroggini4@prnewswire.com,7/Nov/1981
Zeng Jia Yi,+65 9627 6106,hpottie1m@goo.gl,16/Feb/1999
Zhu Si Wen,+65 9614 9559,hdalgleish1b@icq.com,17/Apr/1986
Lai Xuan Ming,6747 7477,dbrookesx@webeden.co.uk,4/Sep/1984
Choo Si Hui,6733 8095,mabramovitzz@nhs.uk,4/Apr/1989
Say Kok Soon,9231 8885,bsnoxell11@issuu.com,13/Jul/1997
Lin Kai Feng,658612 9219,hwooff13@elpais.com,4/Jul/1983
Koh Hui Wen,6498 1063,cbozier15@wp.com,23/Feb/1980
Teong En Hui,6083 0020,jbourke18@google.com,2/Dec/1985
Huang Cheng Hao,9020 7877,clearie1a@angelfire.com,9/Nov/1989
Low Shu Qi,65 9219 2486,mcollopy1d@e-recht24.de,26/Jul/2000
Tin Ming Hui,658481 2792,rtrobey1f@pen.io,31/Jan/2000
Teo Rui En,8163 3406,lstuddeard1h@nba.com,28/Feb/1985
Lin Yong Bin,65 8311 7518,acosti1j@senate.gov,1/Mar/2000
Toh Yi Min,9105 7486,tglastonbury1l@spiegel.de,17/Dec/1995
Noh Rifqi Bin Raihan Nazir,65 6628 5569,wfranciottoi1n@imdb.com,20/Feb/1991
Nadia Mano Binte Yusoff Radin,+65 6609 7343,cwreiford1p@hostgator.com,19/Oct/1998
Izhar Izuddin Bin Muhamad Mubin,65 6713 4452,lfinnick1q@istockphoto.com,9/Nov/1994
Danyial Lizam Bin Mohammad Rifqi,+65 6975 4150,,25/Feb/1989
Nisha Shazia Binte Iman Radin,656196 2541,,19/Mar/1998
Amirah Aqsa Binte Ridwan Zaidi,65 6888 0264,grimington1v@symantec.com,9/Oct/1993
Abdul Khalim Bin Hairul Anuar,+659317 2253,bmabon1w@springer.com,29/Nov/1988
Mohammad Rohan Bin Mohammad Aniq,+658657 0088,akarolczyk1y@diigo.com,10/Mar/1994
Nurul Aisha Binte Muhamad Noor,658234 4240,smanoelli20@walmart.com,19/Mar/1985
Farhan Islan Bin Mohammad Syaril,9171 8424,aphilipet22@t-online.de,21/Nov/1987
,65 6002 3128,mblaasch24@over-blog.com,17/Nov/1988
,+65 8527 3163,pfriedman26@topsy.com,15/Feb/1982
,65 8596 6094,jlivezey28@icio.us,21/Oct/1994
,659457 6978,pduffield2a@vistaprint.com,25/Jul/1986
,658876 7948,nonraet2d@va.gov,4/Sep/1987
,9630 9892,rlepiscopio2f@dmoz.org,27/Dec/1985
,+659129 3077,hmandifield2h@dailymail.co.uk,4/Dec/1982
,+65 6690 3562,tvinton2j@dot.gov,30/Apr/1984
,8352 6344,mspanton2l@a8.net,25/Aug/1984
,658898 6427yy,gfantone2s@shutterfly.com,3/Jul/1997
